STOCK NAME,TODAYS PRICE,1,2,3,4,5,6,7,8,9,10,11,12,13,14,15,16,17,18,19,20,21,22,23,24,25,26,27,28,29,30,31,32,33,34,35,36,37,38,39,40,41,42,43,44,45,46,47,48,49,50,51,52,53,54,55,56,57,58,59,60
3MINDIA.NS,24250.55078125,24150.83099150833,24040.775738278404,23917.367157105702,23796.750130852335,23684.436657985898,23580.476169581405,23482.768278557574,23388.889127816074,23296.94646111771,23205.786886712653,23114.9082889444,23024.269041644526,22934.073806807748,22844.598791405733,22755.682260429952,22667.188928833057,22579.07933847624,22491.40725649369,22404.301463843964,22317.93583650136,22232.496825011913,22148.16394222691,22065.09805594303,21983.440088084608,21903.313616339117,21824.820538098,21748.044105698064,21673.051961663004,21599.89830673294,21528.568831912475,21458.744403243763,21390.58935737086,21324.13187867863,21259.371099955228,21196.324799043414,21135.007718544508,21075.425061729562,21017.57943023409,20961.46171833377,20907.053714579906,20854.333305070526,20803.27057099709,20753.83602715697,20705.99411786464,20659.71232267603,20614.95335148193,20571.68555105012,20529.87163127138,20489.4760364602,20450.46364453697,20412.799767028017,20376.44711382413,20341.371430057567,20307.53672643687,20274.90744727652,20243.448470496918,20213.1251076244,20183.90223657933,20155.74733691768,20128.62615377165
BRITANNIA.NS,3470.39990234375,3472.727279099403,3468.168613924993,3465.1928033307777,3462.6663936861437,3459.9335916797863,3456.646488184109,3452.6699440341913,3448.014405300549,3442.7790546737956,3437.107608092541,3431.154777359101,3425.0637286189008,3418.951018027205,3412.9028531554504,3406.97454319807,3401.1939076902345,3395.566444563796,3390.083577045065,3384.7266121657453,3379.474107991613,3374.302973208891,3369.1934152629105,3364.1289403581177,3359.0980028376216,3354.086308078608,3349.080990920542,3344.0735845483728,3339.059690616617,3334.037769704359,3329.008591522055,3323.973255656077,3318.934291155077,3313.8932374399737,3308.849544717581,3303.7974951387732,3298.7331301926174,3293.6512818231713,3288.5476616435917,3283.4196306465888,3278.264879700786,3273.081979343901,3267.870489741384,3262.6301909759636,3257.361193006276,3252.063275915047,3246.7376492472827,3241.383433333889,3236.00117796805,3230.590223397943,3225.151009458117,3219.682986355387,3214.185604296567,3208.658203529835,3203.100454179279,3197.511586534441,3191.891160760773,3186.2384071478155,3180.552775902382,3174.833937148564,3169.0805713827144
ADANIPORTS.NS,718.0499877929688,737.9438645733861,742.0213898790734,746.8242830349278,751.8152552541268,756.705790694601,761.3656254132437,765.7469399883374,769.8450164501808,773.6752881572883,777.2627043731644,780.6329340516075,783.8098869034766,786.8142740161038,789.6625683006496,792.3681240103357,794.9407769125063,797.3880437724472,799.7160019748587,801.9294494550302,804.0325444235457,806.0294450909895,807.9237499088284,809.7177778791191,811.4154473156813,813.0197969108647,814.5353047376065,815.9656492129615,817.3151484786902,818.5883605733177,819.7889639138992,820.9210367454306,821.9881775193788,822.9939846872113,823.941896769218,824.8350324233377,825.6765902730966,826.4690492517275,827.2156879483446,827.9185055026518,828.5801407790585,829.2029127796213,829.7892204719845,830.3407431334997,830.8596398350473,831.3477497851544,831.8069921579373,832.2388063339821,832.644951556229,833.0269471708524,833.3859126960867,833.7236873404597,834.0410707598529,834.3395823004413,834.6199416525177,834.8834282654933,835.1312416231904,835.3639414847256,835.5826473683336,835.7883988266603,835.9815956876462
ABCAPITAL.NS,121.25,115.49544027633827,115.98256561866785,116.0035980822388,115.7751246972682,115.4180821292889,114.99933381382084,114.55569373553179,114.10726898698292,113.66460449363443,113.23291533086693,112.81466915470652,112.41061917411457,112.0207797359285,111.64484955656373,111.28226193594446,110.93251473476313,110.59506277319996,110.26944695245949,109.95519382690873,109.65188016484558,109.3591186016613,109.07655046642185,108.8037883945185,108.54051675552931,108.28634101142687,108.0409240115332,107.80349820004948,107.57346100980658,107.35026726098477,107.1335726294874,106.92311169882328,106.71864774617598,106.52000143607849,106.32703647357584,106.13959504345712,105.95753367734869,105.78073760055169,105.609005957343,105.4422383198612,105.28026252605787,105.12295662781547,104.97014128966705,104.82169456349493,104.67749450118164,104.53734742042276,104.40118876045015,104.26885353263424,104.14021978885741,104.01517275442076,103.89361200146277,103.77539406160986,103.66047589434991,103.54867099079728,103.43994348385854,103.33415707857876,103.23128308128321,103.13115650334223,103.0337343042438,102.93894474980108,102.84668023873378
ABCAPITAL.NS,121.25,115.63610384324215,116.27116659901752,116.4827035424837,116.43606914764246,116.23904403016672,115.96072973220477,115.64443218233008,115.31581787258119,114.98924081373751,114.67201789285306,114.36721215970442,114.07560551692768,113.79668865179657,113.5295290198826,113.27306495522112,113.02627783235948,112.78844313601101,112.5588722179823,112.33705576554712,112.12268532170219,111.91545242944427,111.71510601911949,111.52143088816752,111.33423335428392,111.15333408200172,110.97855373585392,110.809655593024,110.64644597120764,110.48878140203124,110.3363964690036,110.1891620505885,110.04684142396944,109.9092767739355,109.77631028527573,109.64772675542964,109.52341140969835,109.40317773919628,109.28688227554971,109.17441024405979,109.06558230925951,108.96028369645,108.85841397776971,108.75982251142635,108.66439452272108,108.57204393062963,108.48264878703456,108.39609431723692,108.31230878704993,108.231191768612,108.15262848722428,108.07656155553741,108.00290489252713,107.9315580703319,107.86244935476498,107.79552853189556,107.73069517386213,107.66790624015266,107.60704695606822,107.54811732160871,107.49100256207544
ALKEM.NS,3353.6499023437486,3427.576131844718,3454.0624596920093,3485.176619993697,3518.918185780581,3554.0329991947506,3589.7456713668066,3625.5786382637452,3661.243112215481,3696.5754200988454,3731.4910142023577,3765.955151642207,3799.963615074113,3833.526847445813,3866.665333000943,3899.396141942532,3931.738151906873,3963.7040149267987,3995.301563213113,4026.536018239683,4057.405773399165,4087.909222084213,4118.039536213619,4147.790490183921,4177.153448480647,4206.119775589323,4234.681639299146,4262.829399966053,4290.557836116175,4317.857508931367,4344.723598589597,4371.150883616996,4397.135548321123,4422.672572054027,4447.758139123267,4472.394860265777,4496.575104096672,4520.302686308394,4543.573590382584,4566.388820448832,4588.7491798108085,4610.654266816679,4632.106290551543,4653.106054319069,4673.6579762894535,4693.762859766373,4713.424520442262,4732.647175661405,4751.4350427680765,4769.791134151048,4787.721474587859,4805.229277293198,4822.321772000112,4839.002774401044,4855.2793134031235,4871.155204698793,4886.6366738915085,4901.73115154024,4916.444461596606,4930.7812230567215,4944.747862349963
AMBUJACEM.NS,371.75,359.65385864554634,361.3589713918264,361.74479446461737,361.53561361436005,361.2236915968715,361.06989151870397,361.16260375172004,361.4896107268887,361.9926781355898,362.6031410235337,363.2612690532386,363.9247301487903,364.5687290170317,365.1832228716285,365.768294825295,366.3292502396398,366.8735277026098,367.4082749076515,367.93915737146926,368.47009524376335,369.0031524902771,369.53918794239326,370.0782570085885,370.6196809350277,371.1629748975429,371.7074462901802,372.2527765142004,372.79855000603135,373.3446559487202,373.8911220465052,374.4378374824337,374.9849407776965,375.53245963653166,376.08056028436835,376.62915960849205,377.17831301737885,377.7281313279817,378.27855913182435,378.8295964289064,379.3813263319426,379.933610319742,380.4866423219719,381.04033922591765,381.59461791886497,382.1496446262426,382.70528082685996,383.2616927461458,383.81885267986223,384.37659440258005,384.9351672524426,385.49446041249763,386.0545292912212,386.61534618437514,387.17691109195954,387.73930712668886,388.3023957673722,388.86642635215316,389.43117724712647,389.9967592692448,390.5632278269841
ASHOKLEY.NS,125.9000015258789,128.30520400349906,129.42595901602772,130.7615177220248,132.18387621801227,133.61891711039468,135.03081243400214,136.407247058386,137.74768962004958,139.0568129920948,140.34029807543286,141.60213791045678,142.8439500301633,144.06639082475402,145.26939778087646,146.45247079171028,147.6150706795899,148.7564785409613,149.87611612731345,150.9733739334592,152.047947206805,153.09945305306653,154.12776644553875,155.1322778790345,156.11269822929827,157.0688868412869,158.0008749716767,158.9088032755107,159.79285147867762,160.6532774487566,161.49037812417208,162.30441918667245,163.0956897605131,163.8644867841185,164.6111228242514,165.33596514685792,166.0387324418516,166.7196747626426,167.3791124901627,168.01742070452698,168.6350526275414,169.23252399436433,169.81028802680152,170.36882920333525,170.90860074577128,171.43010276092988,171.93377284227878,172.4200954683001,172.8894769757853,173.3424487282309,173.77932329239948,174.20066328846406,174.6068594248777,174.99834929510826,175.37557049262335,175.73894498255277,176.08886347334962,176.42576355848175,176.75008283141685,177.06214948725568,177.3623854911279
ASIANPAINT.NS,2999.39990234375,2854.9041673507013,2817.581594643649,2765.766143612651,2707.254618800158,2647.198987771786,2588.900752552814,2534.211414069956,2483.955830136343,2438.298972314602,2396.976817078772,2359.5098654936883,2325.340734560101,2293.878218657133,2264.537209439237,2236.7903501120745,2210.1995571955345,2184.421542584402,2159.2079285912923,2134.3902923656574,2109.8655554415895,2085.578842341144,2061.4580211467696,2037.4277387388568,2013.5488528277488,1989.9174242605807,1966.6277882405268,1943.7670322661293,1921.3857752268962,1899.4603182791034,1877.9449893792623,1856.8423194718487,1836.1328663015736,1815.8453906011127,1796.0636436240163,1776.8812703158765,1758.367526520975,1740.5857433726633,1723.5576064633785,1707.2803547627843,1691.7498467253754,1676.9430162435456,1662.8132709303607,1649.3109697612235,1636.3833655524065,1623.9762155620847,1612.0394185939367,1600.533514922732,1589.4188722588442,1578.659942336686,1568.223909160275,1558.0447380873886,1548.0898432079043,1538.342313211011,1528.78089391526,1519.4174922639795,1510.247506539941,1501.2767176504126,1492.5020481969989,1483.936354227204,1475.5129971234198
AUROPHARMA.NS,940.7000122070312,971.57658981235,969.6898300880276,969.7442454884148,970.8855321863084,972.6060375974013,974.6146932062547,976.7430896342777,978.8949223981108,981.0169434244381,983.080149125264,985.0712050336624,986.9848581778133,988.821422838082,990.5823357247099,992.2715028936656,993.8926059149416,995.4499100220672,996.9466927102803,998.3863661664036,999.7719833996996,1001.1059688587013,1002.3909714779147,1003.6286973507524,1004.8213464397703,1005.970669735576,1007.0784182287751,1008.1456694520492,1009.1743090875896,1010.1652799764923,1011.1202882121687,1012.0404113272998,1012.9267717517613,1013.7807612985997,1014.6031432201307,1015.3952195350104,1016.1583820562846,1016.8932144474893,1017.6006595497197,1018.2820642788284,1018.9380122983493,1019.5695362437692,1020.1775789561833,1020.7628587907127,1021.3264532800383,1021.8684971157454,1022.3905168024647,1022.892736826172,1023.3759653363776,1023.8409206882023,1024.288321236767,1024.7188853371918,1025.1330619614273,1025.531479670204,1025.9147670242528,1026.2833729955237,1026.6380608363324,1026.9792795186297,1027.3074780143652,1027.623239987075,1027.9268348199294
DMART.NS,3349.050048828125,3363.226696235549,3357.422406787373,3350.212663884275,3342.60290419322,3335.1807450928754,3328.2504474981542,3321.916803399697,3316.162010297165,3310.905282601889,3306.0407493838147,3301.4630791825907,3297.081775954823,3292.826708638561,3288.6460881419043,3284.507546282417,3280.393685162039,3276.2969522048656,3272.215863869205,3268.154331310434,3264.1173446233447,3260.1101636375824,3256.1368343759527,3252.201807463541,3248.3069710443237,3244.45394352742,3240.6428597802587,3236.875473079388,3233.149625545979,3229.465586914885,3225.821738776984,3222.2184857345565,3218.6536699087737,3215.1278307693433,3211.639349907142,3208.188227322171,3204.774058412149,3201.395359635382,3198.0522658592963,3194.743967879331,3191.4716795023273,3188.232703379749,3185.0275789813013,3181.8567109092687,3178.7183458871004,3175.612618782223,3172.5393947272096,3169.4978645175,3166.4878932856664,3163.508402092295,3160.5604698767997,3157.642747964913,3154.7545620195006,3151.8963166428443,3149.067067762953,3146.2665456449763,3143.4950200237654,3140.751681694761,3138.036126055682,3135.3478136368212,3132.6868793056046
AXISBANK.NS,753.5999755859375,766.0411991706277,766.9672154934505,768.4237468370883,770.1641817702165,772.0405906023042,773.9656588866162,775.8877537098123,777.7779457731157,779.6201907759204,781.4069001976694,783.1349457094801,784.8045131526723,786.4163458925249,787.9732315488344,789.477400217438,790.931732438792,792.339139726906,793.7017282834039,795.0219759925493,796.3024846328187,797.5448338554304,798.7508201264752,799.9224257533641,801.0608587046753,802.1674508432005,803.2435030581781,804.2901923446332,805.3082930413983,806.2990750641583,807.263033989766,808.2012229190331,809.1141374288126,810.0028306199164,810.8677670956439,811.7096282741676,812.5288787587867,813.3263238618872,814.1023662396617,814.8577182838361,815.5928136241562,816.3081788110285,817.0043094213049,817.6816081111792,818.3407872723764,818.98197079911,819.6060259508722,820.2132314896425,820.803897150954,821.3784255909994,821.9376530957178,822.4816106386622,823.0106699024727,823.5252645168947,824.0259829794412,824.5128872372188,824.9867826026127,825.447607128517,825.8957944446772,826.3317162337332,826.755806125431
BHEL.NS,66.59999847412111,66.03762926248578,65.86765374807317,65.47108069248532,64.93879310975933,64.3442902005619,63.741851290763066,63.167407251318544,62.6409764208239,62.17008948830744,61.75339676623071,61.384036329661065,61.05243066612604,60.74839024267783,60.46254830886198,60.18732959137719,59.917351552532644,59.64935548728056,59.381825530337544,59.11462387576876,58.84848008440577,58.58456145357911,58.32416498032274,58.06846606819863,57.81835234955189,57.57442368551074,57.3369881128707,57.10604157851606,56.88138547977599,56.66273609854932,56.44968407014722,56.24184840169096,56.038811622260255,55.84026974817528,55.64590258329326,55.45551557805914,55.268897970454866,55.08591600766135,54.90644404309091,54.73038885508174,54.557653168856284,54.388164028331396,54.221848477423926,54.058617347587756,53.89837336404536,53.741037491040004,53.58651853346771,53.4347273227824,53.285572663880146,53.13898970690923,52.99486496462918,52.85313358718832,52.71372667161921,52.57657328839656,52.441592375205744,52.308729214984396,52.17791693132297,52.049110939948385,51.92223828477751,51.79723816907438,51.67409235381821
BPCL.NS,451.0,461.77525728116234,463.11817572061767,466.0260222300531,469.6208652072783,473.494539261359,477.4724173727298,481.4867831780066,485.5150759763092,489.55073483488366,493.5916527178852,497.63579111095896,501.67975820030546,505.7192542623706,509.74919157645485,513.7627008630951,517.7461977367202,521.6835282558495,525.5514807654399,529.3278543024389,533.011124263674,536.6026610789631,540.1041949159517,543.5157086442669,546.8309668082367,550.0476054164246,553.1656415992038,556.1861374396832,559.1107374536441,561.9418056325229,564.6812605780651,567.3315690639429,569.8930394368654,572.3671106481415,574.755118866844,577.0591539984453,579.2810661231998,581.4228423643435,583.4867439310765,585.4745181214166,587.3883576230727,589.2302838200268,591.0023180962597,592.7063790535176,594.3445908580179,595.9188378507606,597.431038633491,598.8833858939179,600.2773871048412,601.6153034754608,602.8989165645397,604.1298708878603,605.3101878294037,606.4415119049518,607.525556151777,608.5642734323701,609.5591369587855,610.5115514215868,611.4235724655009,612.2964334773643,613.1316419299765
BAJAJ-AUTO.NS,3956.14990234375,4068.567606071489,4038.686010005331,4022.2404648415104,4014.4158360165166,4012.0110814776563,4012.908346461452,4015.7060411828716,4019.4935401293615,4023.699293944475,4027.983663923529,4032.161712221117,4036.152572478983,4039.935149125405,4043.523505874866,4046.946051430612,4050.239492087436,4053.4335022828886,4056.5546624373383,4059.6229430253443,4062.6526890356763,4065.652198059877,4068.625407938002,4071.573584404352,4074.4961649103498,4077.391461810257,4080.256381086889,4083.0896570059413,4085.888898735953,4088.651715445463,4091.3778258601815,4094.0651204229357,4096.713317859438,4099.322277532541,4101.891577530811,4104.42206167712,4106.912464237162,4109.363910308093,4111.777384349931,4114.151339354081,4116.48802551486,4118.787442832268,4121.049169394872,4123.274892848407,4125.464050644297,4127.6165021453935,4129.734497546015,4131.817474297583,4133.86613558582,4135.880481410728,4137.86093368374,4139.808054953435,4141.723673502696,4143.605257862917,4145.455480139848,4147.274480970635,4149.061838443842,4150.8189589309195,4152.54542052043,4154.242910858113,4155.90974229823
BAJAJFINSV.NS,12908.900390625002,12387.894174552288,12481.996998315677,12529.914490212916,12552.09958412242,12559.345454282824,12557.38114909292,12549.387372357536,12537.209730610715,12522.007899215909,12504.543440345671,12485.352073597254,12464.831912161548,12443.274975740582,12420.906056479085,12397.900576284388,12374.392990271092,12350.484139775157,12326.250706229124,12301.755715467963,12277.03593256208,12252.131273873609,12227.061697583646,12201.844010581492,12176.492918895325,12151.013674678046,12125.417832666077,12099.706443289993,12073.88370827213,12047.947526751315,12021.907352602806,11995.760034534846,11969.507673408601,11943.153420515822,11916.699376717674,11890.144491583571,11863.491916405268,11836.744802474506,11809.903149791291,11782.95855491096,11755.878454485439,11728.647092055991,11701.246610302707,11673.672807503257,11645.916229782393,11617.978978001276,11589.858951298753,11561.55930096656,11533.081077435283,11504.421129413178,11475.597314220151,11446.598077119792,11417.433922417924,11388.108001406305,11358.623465376673,11328.983465620779,11299.191153430378,11269.251780958379,11239.16849949653,11208.945510767166,11178.587016492616
BAJAJHLDNG.NS,3830.35009765625,3765.314042482788,3766.880468051285,3761.7173751029627,3752.1686592336628,3739.610880542866,3724.89623579591,3708.598433497376,3691.1383255606643,3672.850551647367,3654.011473071238,3634.859733285863,3615.6032059115387,3596.4201291070062,3577.418835372883,3558.6693721637566,3540.249160350489,3522.2264040336013,3504.6684565348114,3487.6357231489674,3471.182228329912,3455.3563246728154,3440.1972897989763,3425.738162285153,3412.0047490883007,3399.0163345278997,3386.78482950716,3375.317749238821,3364.615377315815,3354.67345984414,3345.48476520399,3337.03497195222,3329.3094750527525,3322.288139407305,3315.9492701564595,3310.269329086733,3305.222367444701,3300.7807349193463,3296.916922996112,3293.600587231107,3290.8033683309773,3288.494496462429,3286.6287385525648,3285.1537717051397,3284.0290421306568,3283.216122986618,3282.680699528064,3282.3918601252367,3282.3201111130475,3282.4382275698736,3282.721395114029,3283.1466427178966,3283.6931263008587,3284.3421287293017,3285.0757836484117,3285.879344225643,3286.7386308143177,3287.640314546559,3288.573477094425,3289.528759891109,3290.496237183936
BANDHANBNK.NS,315.6499938964844,314.20563963644963,313.5811773226523,312.88113320482256,312.13151797861235,311.3549153705498,310.57003663205245,309.7912407637504,309.0287572684792,308.2893715451045,307.57707601265605,306.8938411783801,306.24026676187344,305.61626708890793,305.02083120359197,304.45239983497413,303.9093451727203,303.3899708671142,302.8927690517412,302.4161975904953,301.959022774492,301.52011370392023,301.0984080183516,300.69306611035057,300.3034368557837,299.92933177134904,299.5698427102288,299.2241471998331,298.89178259933027,298.5720463800498,298.2644244966231,297.96831722945353,297.6831933983266,297.40852182302837,297.1439084021094,296.8888390902011,296.6430225949278,296.40596200576687,296.1775716484898,295.9576459049494,295.74599629184365,295.54231438195166,295.3463602874344,295.1578598507621,294.9765731840961,294.8022089950609,294.63449312612636,294.47323709399086,294.3182010108157,294.16902504484267,294.0256406566895,293.88772228428934,293.75506430949457,293.6274782490036,293.5047413498232,293.38669939834284,293.27309537187824,293.1638607310469,293.0587384531645,292.9576257291573,292.8603340757236
BANKBARODA.NS,83.30000305175781,83.43864753842352,82.75648273527621,82.18972596526145,81.70654733479022,81.28255285322665,80.89917743206023,80.54252192378044,80.20228883624075,79.87109865248202,79.54378500580786,79.21684491634367,78.88803704082964,78.55597992241381,78.219919398427,77.879446670413,77.53442077338694,77.18482761085032,76.83069537580012,76.47205226123332,76.10894055664538,75.74142722040413,75.3684092015028,74.99098250269888,74.61091271042822,74.23108255863188,73.85456860810517,73.48412320017813,73.12198415398595,72.76975494623183,72.42847871780394,72.09870523214339,71.78059307485817,71.47403299808501,71.17868316173552,70.89409600198267,70.61977461725472,70.3551586717367,70.09971602261065,69.85293567180632,69.61433481425045,69.38347645848988,69.1599518060684,68.9434084445238,68.73351510614155,68.52996519207953,68.33248734474179,68.1408313512802,67.95421838015316,67.77213038504122,67.59419028460978,67.42005623877047,67.2493511661887,67.08150063455103,66.91594430804251,66.75218176096676,66.58981124311684,66.42851558327673,66.26809743046759,66.10834181308745,65.9490584284067
BERGEPAINT.NS,839.6500244140625,855.2842125164534,860.4111033207664,865.6183156447588,870.7848142208238,875.8615904797261,880.8398657355792,885.7295246504435,890.5480554725801,895.3145362910001,900.0452802542785,904.7537664470436,909.4492574197577,914.1369374357382,918.8192949413788,923.4957078250807,928.1641715050282,932.8211606821643,937.4636339220089,942.0877203079507,946.6896871704013,951.2670460629672,955.8171011687227,960.337087547232,964.8250006166783,969.2795961538652,973.6998373061286,978.0859314440022,982.4375329499308,986.75505656498,991.0376036835077,995.286280281689,999.5003260009033,1003.679948211684,1007.825423408074,1011.9363368490083,1016.0130341520417,1020.055169699619,1024.0625361212078,1028.0348569227644,1031.9722703513107,1035.8742925422703,1039.7404396310667,1043.5711263587655,1047.3653849962136,1051.12383765501,1054.845723976534,1058.5312513313183,1062.1800741018087,1065.7926761525814,1069.3685736190598,1072.9070752661355,1076.4099091815806,1079.875692895177,1083.3049102715013,1086.6976304340642,1090.0538533828658,1093.3733717473733,1096.656738515674,1099.9035389467026,1103.114464275568
BEL.NS,181.6499938964844,183.87083161540318,184.74090606671643,185.7685009347788,186.88691770780412,188.05251312816472,189.2393961078301,190.43500473017863,191.63557794232966,192.84329715495412,194.0632623557581,195.30162662725442,196.56449791932118,197.85708152914555,199.18342434962688,200.54673079781966,201.949046886491,203.39220800944668,204.87747788045453,206.40593968274425,207.97906774904502,209.5981107489133,211.26478372246262,212.98098224034493,214.74882753638485,216.5706815517915,218.4489964930431,220.3867661582326,222.38675868228032,224.4523289243557,226.5867414783593,228.79369722032558,231.07698729155845,233.44088424813026,235.8898562208633,238.42859700375263,241.06252251294654,243.79713892986229,246.63859933701264,249.59362849694844,252.6694175427774,255.8740151276643,259.21575574479266,262.7037260979223,266.3476447476969,270.1587196317009,274.1494374454984,278.3337742615936,282.7275415462973,287.34811536391817,292.2150682336473,297.3503195716735,302.77818082381737,308.5266191792998,314.626806244396,321.11471272885683,328.0312889764473,335.4241348724254,343.34783081619565,351.8667058562297,361.0558907848717
BHARATFORG.NS,820.25,817.0782369226217,821.5389916598798,824.9311580359938,827.8857458531858,830.8094879686834,833.9254059791565,837.3220916092398,841.0035619735718,844.9316544830797,849.0540749132632,853.3236221671104,857.7056486308577,862.1808578073977,866.7437978982925,871.3985577523707,876.154749751091,881.0250708460808,886.0220745205879,891.1577403843402,896.442326426506,901.8842972815036,907.4919741153716,913.2728890180588,919.2342154085637,925.3837723135948,931.7304547727107,938.28315782547,945.0519242584703,952.0480163395404,959.2834136784076,966.77066975832,974.5239162147044,982.5559217333794,990.8816787600516,999.5166101455687,1008.4780755639076,1017.7835064232347,1027.4531317651272,1037.5086870491505,1047.9749205708504,1058.879019588232,1070.2506103217602,1082.122260093689,1094.529190391302,1107.5111419558523,1121.1100075542927,1135.3733469545841,1150.3533826470375,1166.0892097651958,1182.6253035068512,1200.026009440422,1218.3682266175745,1237.7302170395849,1258.2006441652773,1279.8802945315836,1302.8780606389046,1327.320338129997,1353.3538234233854,1381.1458006501196,1410.8888761103146
BHARTIARTL.NS,530.0499877929689,535.9305984197563,537.4067447045527,539.1357721601236,540.9488176894374,542.7514023070106,544.4946532947506,546.1538862087473,547.7176064503292,549.1819687041134,550.5476345297358,551.8172501657391,552.9947436224611,554.0847044698749,555.0925492274981,556.0236530673719,556.883473856491,557.6770973345556,558.4095678937883,559.085227019299,559.7084161961975,560.2830220873439,560.8128073131667,561.30099697689,561.7509815716477,562.165531378414,562.5473753306869,562.8989529296232,563.2226209814253,563.5205295549093,563.794828718892,564.0470069825533,564.2791317197552,564.4925673972466,564.6889265666398,564.8693256098195,565.0352530359669,565.1877011845354,565.3279104798421,565.4566251764772,565.5751270462351,565.6838295638881,565.7837250688898,565.8755164683535,565.9598239744372,566.0372677993,566.1084268076229,566.1737971691327,566.2337510111247,566.2889085457572,566.339517857894,566.3859510748297,566.4287043662916,566.467860427234,566.5037913849519,566.5368280192632,566.5671357200773,566.5949625722568,566.6205980081431,566.6440006802586,566.6655427158985
CADILAHC.NS,645.5999755859375,652.8465878041097,655.186512922268,658.1744574285714,661.5380493715694,665.1096173308034,668.7867731136648,672.5053358861842,676.2260496711534,679.92460802789,683.5867067236032,687.2041181356727,690.7725940145102,694.2895531451759,697.7543502239349,701.1665012729865,704.5262213935747,707.834048338813,711.090519861813,714.2955821872639,717.4498806189005,720.5535227073452,723.6067235538433,726.6095907090167,729.5621241728661,732.4647003725696,735.3168891056376,738.1188516980037,740.8706419249794,743.5725824384317,746.2245656877386,748.827290751946,751.3803812038751,753.8846436731948,756.3400243845938,758.7471686418068,761.106291546079,763.4177157492778,765.6819252292046,767.8994577389714,770.0706897057573,772.1959975567407,774.2759728203456,776.3114221262407,778.3026681262927,780.2497645958139,782.1536257150948,784.0147892372479,785.8339542413197,787.6112820532436,789.3480095051782,791.0445667996138,792.7010077118613,794.3188379506357,795.8981650665593,797.4400645658571,798.9447515497743,800.4129250973566,801.8455531642066,803.2429584021921,804.6061087669151
CANBK.NS,153.35000610351562,150.23447105382004,149.7138504473162,149.051896111916,148.30702099802056,147.5180160328946,146.7102099124006,145.90028923653512,145.09820948959373,144.31128624512846,143.5458303345431,142.80664219254732,142.09766855137173,141.4221731812636,140.78292076486696,140.18241330714,139.62311341138798,139.10729980653605,138.63570799010472,138.2078126067222,137.8236727588678,137.48290099695487,137.1846764532149,136.92819139376385,136.71219153265156,136.53508110293615,136.39508703023785,136.29027206662315,136.21865956250576,136.17843047491078,136.16758188648328,136.1836314930915,136.22404445506663,136.28619399554964,136.36744020379732,136.46532047650427,136.57756265168769,136.70205217397594,136.83687149626212,136.98030664664566,137.1308078267798,137.28714045154086,137.4482275424166,137.61325479858078,137.78127658036422,137.95137351586618,138.122888910872,138.2948705587703,138.46641878848686,138.63656169258385,138.80436019833428,138.96896060325892,139.12958800818433,139.28544781311078,139.43596212712922,139.58050052379352,139.71860331715334,139.84979112043195,139.97376842123276,140.09018717162192,140.19889633192994
CASTROLIND.NS,143.85000610351562,142.06318031632333,140.90090938829783,139.7583339040055,138.66641416827727,137.63832974017626,136.67590992804986,135.77461594529817,134.9270648742104,134.1251906801345,133.36155789790251,132.62996592758648,131.92553442411602,131.24469344463006,130.5849207111917,129.94446573663916,129.3221659084859,128.71720345693214,128.1289773704382,127.55697202708213,127.0007473419114,126.45981396673255,125.93371867972886,125.42196228005855,124.92404556688007,124.43945291827141,123.96769170182304,123.50826600090932,123.06070288841715,122.62454257409763,122.19936139407857,121.78474225291988,121.38029761312599,120.98566621093006,120.59948509666565,120.2179051691062,119.8466376799863,119.4935483267782,119.16388857096744,118.86250919967985,118.59120339488621,118.34941283985563,118.13497980463444,117.9448335472032,117.7755584828558,117.62379485855922,117.48650149023868,117.36111997358059,117.24556154716858,117.13826949258852,117.0380647762736,116.94412634420792,116.85588931122858,116.77295628719187,116.69504154530024,116.62190533778109,116.5533407590224,116.48933795637596,116.4297819822796,116.37447249955336,116.32312049718372
CASTROLIND.NS,143.85000610351562,145.33617749779845,145.05717020633574,145.18630558195446,145.56105434010172,146.07975028831427,146.6752180712283,147.30599774525766,147.9465643831564,148.58136393764747,149.20145677260598,149.80220557495025,150.38154785699228,150.93895814416194,151.4742525203597,151.98844252413303,152.4831045791925,152.95997275161974,153.42081394965686,153.86721773387856,154.30055033816737,154.72197437500975,155.13234374058226,155.5323875308509,155.9225721044968,156.3032915674476,156.67477581482763,157.03724160489722,157.39080060100244,157.73555132962522,158.07166457000088,158.39919943801854,158.718247891728,159.02897414193242,159.33143073608886,159.62577531656828,159.91213925201333,160.19068018479496,160.46151634669152,160.72483165380257,160.98077061163488,161.22951713628802,161.47123543856515,161.70605031867674,161.93418510331506,162.15572518209777,162.3708479026923,162.57967806530908,162.78231419643,162.97886139096912,163.1695101334581,163.35435895037884,163.5335654841024,163.70726767170348,163.87561658712096,164.03876330429378,164.19681948656807,164.35000189220412,164.49838934238738,164.64211977419248,164.78137710371902
CHOLAFIN.NS,517.9500122070311,516.7844630646364,516.7229195997761,516.4452310002424,516.0341094397659,515.5504535086316,515.0355912556797,514.5178971622036,514.0145585375241,513.5353886903887,513.0844250963964,512.6626490864223,512.2683783789666,511.89925777992994,511.55211899248803,511.2236535296916,510.9115903115162,510.6135461058375,510.32727787065596,510.05166408497183,509.7856393038355,509.528614728722,509.2797211808565,509.0389866982642,508.80573836834486,508.58025657134885,508.362008584801,508.1509663706765,507.94696170082534,507.74985438512255,507.559644423568,507.37588320776194,507.1983464335044,507.0270341007954,506.86166582938483,506.70204535309813,506.547948367735,506.39912253107065,506.2553996149549,506.11675158136313,505.9826737458452,505.8533343365512,505.7280324028561,505.6065436405602,505.4889802017633,505.37455702176567,505.2639470131671,505.15633707324287,505.0521477723678,504.95123892041687,504.8530777949154,504.75800085216315,504.66595201611017,504.5766228684816,504.48995733322715,504.40598344837235,504.32458906181677,504.24588632566076,504.169370555454,504.0952660553967,504.02351674943884
CIPLA.NS,965.6500244140624,962.3272879865144,961.4556981044552,961.3306959483743,961.7271911056924,962.4638998034717,963.3981530103847,964.4213535259368,965.4555147151112,966.4498352978626,967.3744258056613,968.216594932208,968.975729745096,969.6586085556447,970.2770573538147,970.8437313910581,971.3717185769963,971.8727727918956,972.356196186396,972.8290194557485,973.2963623882896,973.76118148151,974.2247747099173,974.6878271156128,975.1493652177161,975.6091005774472,976.0654828363658,976.5179351169136,976.9646907315655,977.4055694060844,977.8398860983687,978.2669197114699,978.6869226293202,979.0995343034448,979.5050792274706,979.9035574013975,980.294752496142,980.6796019377362,981.0578172874012,981.429903313001,981.7955715757562,982.1554710629207,982.5094575551046,982.857747381393,983.2004126514804,983.5375254750617,983.8691579618317,984.1953822214856,984.5164145831076,984.8322550466983,985.1427593928674,985.4481439507001,985.7484087201956,986.0439863595236,986.3345163202102,986.6202149313394,986.9012264123012,987.1776228727904,987.4492600934173,987.7164986226562,987.9793384605072
COALINDIA.NS,148.10000610351562,143.61306778246558,142.93461625999953,141.89319548358068,140.67794815560092,139.40834855397725,138.1712158715402,137.0331995769277,136.02864548118077,135.17315475112582,134.46787021789078,133.8988676048757,133.4465984120726,133.0908043666301,132.8114402659071,132.59103158551395,132.41373226623978,132.26702650858897,132.13937116474028,132.02399641301213,131.91707944177438,131.81648263106013,131.72140489222159,131.63189465030658,131.54698340435914,131.46798969925214,131.39629572420688,131.3328132536947,131.27802653819344,131.23209053785615,131.19489595043208,131.1661757463719,131.14545951092566,131.13207067699705,131.12521922452058,131.12403626978164,131.12760727116324,131.13500938561174,131.14534190723816,131.15774978805575,131.17145269300863,131.18575745212695,131.20006359481806,131.21387856916726,131.22682050908335,131.23859886427962,131.24901578384652,131.2579453626597,131.26533640852585,131.2712041407457,131.2756163543861,131.27868511884344,131.28054740782432,131.28136371577284,131.2813028385699,131.28053910638755,131.2792357808155,131.27755197272506,131.27562742296845,131.27358388595155,131.27152512963391
COLPAL.NS,1727.3000488281252,1727.644649115915,1725.7282257652842,1723.6183297642565,1721.9888499402732,1720.990828906448,1720.5176091965113,1720.3802939484012,1720.4047536169528,1720.4691890363174,1720.5076672564028,1720.4970181490064,1720.4406111582648,1720.3535047876069,1720.251423109672,1720.1470535375702,1720.04738454803,1719.9554528005829,1719.8710919029254,1719.7928875204816,1719.7190509359937,1719.6479182264304,1719.5784494398974,1719.5105613802446,1719.4436300763336,1719.3781547050748,1719.3136360895587,1719.2507813970733,1719.1891330487854,1719.1290238293006,1719.0703289443918,1719.0129651979078,1718.9569741879238,1718.9022727182892,1718.8487775928515,1718.7964888116117,1718.7454479726441,1718.695405487495,1718.6465693465436,1718.598939549789,1718.5523081068536,1718.5067166158115,1718.4622066747395,1718.4185702932587,1718.3760570598242,1718.3342925917532,1718.2936928698034,1718.2539251093694,1718.2150725066022,1718.1770102672745,1718.139987979841,1718.103589663544,1718.0681897010654,1718.033496905875,1717.999719268351,1717.9665240038885,1717.9342022990168,1717.9025045652813,1717.8715555969104,1717.8413969919784,1717.8118623581836
DABUR.NS,585.2999877929688,584.9066013188857,582.1986787505302,580.2880693243133,579.0608711627865,578.3567530131186,577.9919307635791,577.8087350748318,577.6848580268123,577.5318680511991,577.290838789253,576.9372806368192,576.4733511448358,575.9179078689049,575.2980883166056,574.6420807508439,573.9740525441413,573.3122588190454,572.6680337230173,572.046154690277,571.4467478114639,570.8666328004547,570.3011583136686,569.7451126046835,569.1939704205579,568.6443133039611,568.093983703955,567.5418608148575,566.9878185460293,566.4322071492461,565.8760633697639,565.3200877111341,564.7651908279731,564.2121292641167,563.6611271807013,563.1126469100709,562.5665483515149,562.0228315050335,561.4813422598454,560.9419965555244,560.4044441402948,559.8688251148669,559.3348592778202,558.8025326190836,558.2718731587993,557.7427688163989,557.2153737026638,556.6896177672388,556.1656271007631,555.6433036327398,555.1226473631688,554.603812402831,554.0866866711585,553.5712841782223,553.0575769038804,552.5456629186301,552.035458162045,551.5268785736989,551.0200782643733,550.5148470830027,550.0113951806525
DALMIASUG.NS,475.8500061035156,464.2702266392343,464.99003936457564,465.15147458622187,465.04034029805814,464.81602890955895,464.5509143376757,464.27736321682227,464.0099670625131,463.7545094208976,463.51231679338616,463.2838667204864,463.06838983138044,462.86511675525014,462.67293323091087,462.49136171785483,462.319367544982,462.1564466417562,462.00209493764163,461.8556226519049,461.71657877406636,461.58451229364664,461.45923750044807,461.3400911437656,461.2268609833736,461.1193082490181,461.01700846024767,460.9197228468087,460.82750446875747,460.73958395527586,460.65590824630766,460.57658346196547,460.5011320617417,460.4292091552697,460.36100045274674,460.2960549436934,460.234160387884,460.1754229054313,460.1196302561097,460.06651713963714,460.01595090587256,459.967931554816,459.9221937861852,459.8787375999804,459.8374303460605,459.7981393742843,459.7606789744545,459.7251817967121,459.69135601074686,459.6592016165586,459.6285859640065,459.5995355831186,459.57178517361297,459.54552044568703,459.5204495690304,459.49659907367135,459.4738628394969,459.45234698662034,459.43186580484365,459.4122601139979,459.39376868433686
DLF.NS,311.79998779296875,307.65466802145784,307.61050203068777,306.20744752201335,304.36522081266514,302.4898451008103,300.72171039484607,299.07921102111686,297.5344552496027,296.05219852163106,294.60479420147027,293.17644596223283,291.7617249654305,290.36197922964953,288.9820738765148,287.6280749896642,286.3056687565886,285.01957324234,283.7731584933836,282.5684220281701,281.4064912804261,280.28763585386884,279.2117577107829,278.1782808795906,277.1865436057133,276.2355655119973,275.3242681835737,274.45137713014265,273.61570364440564,272.81596098134844,272.0507275940982,271.3187412470698,270.6184701009607,269.94874995790093,269.30809799744566,268.6953132575818,268.1090844838664,267.5481616954285,267.01136843968385,266.49762630176343,266.0057343196541,265.53471211620223,265.083603823683,264.65135553665647,264.23715844397066,263.8400076590433,263.4592414272957,263.0939651545751,262.7434558127307,262.40707615661273,262.08407864864154,261.7738750625249,261.4758649172564,261.18943547711484,260.9141578270956,260.6494192314777,260.3947907752564,260.14980677928367,259.9140628379837,259.687105526923,259.4685304405257
DRREDDY.NS,5390.85009765625,5345.127382992403,5311.962008082599,5275.451187129627,5237.541473214704,5199.580834591296,5162.471867816683,5126.779134745273,5092.812134682943,5060.697520891743,5030.430464304489,5001.924041711871,4975.034917619749,4949.601098774409,4925.453128818306,4902.427477976351,4880.379054729972,4859.182083829335,4838.731203808609,4818.941466985969,4799.746144433055,4781.092994423059,4762.945359945996,4745.273608089599,4728.057105566812,4711.27960915165,4694.927509654779,4678.9904904326695,4663.459332357059,4648.325035802744,4633.577064623139,4619.205980186933,4605.2021243597555,4591.55518049808,4578.254612455319,4565.2892255757315,4552.649142221897,4540.323387241122,4528.301863492932,4516.5729373154745,4505.128048089653,4493.9584156933115,4483.054162489032,4472.405410839389,4462.006234161934,4451.847852334511,4441.922143744129,4432.222742802231,4422.741747398875,4413.474547969934,4404.413242405471,4395.551904123029,4386.884826043213,4378.407179098838,4370.113695216613,4361.997569801868,4354.055949314905,4346.282468167163,4338.673394806728,4331.223900166413,4323.929813688199
EICHERMOT.NS,2700.0,2596.5200547420104,2561.8984818981844,2513.914799798564,2459.980883902623,2405.693241832247,2354.835399017298,2309.542182924393,2270.643256018462,2238.0315895643216,2210.997562444405,2188.5110095277705,2169.44173122734,2152.720795671717,2137.436181404715,2122.883797668943,2108.574478684856,2094.218856489093,2079.6914678125504,2064.987324487225,2050.182821390459,2035.39707814292,2020.753822998755,2006.3619281465399,1992.279896121869,1978.5536506018946,1965.2296032367267,1952.3074829302786,1939.7935791117707,1927.6569868272745,1915.7558686040247,1904.05476507383,1892.517078264933,1881.0891311520897,1869.7050473861386,1858.2949926150434,1846.795042381469,1835.130482603814,1823.2613537188406,1811.1310508635647,1798.6592211577733,1785.750276121158,1772.4139209936366,1758.5074507949646,1744.1359423684992,1729.3507413131338,1714.1451244459095,1698.5469062253617,1682.5663883027994,1666.0924755017334,1649.0076205588014,1631.2217382442634,1612.8650360087486,1594.1668611419354,1575.4620715305973,1557.2054579704363,1539.8138306953533,1523.6622240322283,1508.9234346269732,1495.6142162177696,1483.7424034815342
EMAMILTD.NS,572.0999755859375,558.3814042810882,558.4823547292235,557.1814817891045,555.0939660868971,552.5912438213763,549.89604652036,547.1406486941723,544.4029048282209,541.7256999852034,539.130411600745,536.6249553148336,534.2088103616807,531.8771336194513,529.6227124819725,527.4378656538612,525.3150420311813,523.2472893906543,521.2290355383411,519.2553331992493,517.3220943619381,515.4267412357531,513.5668262214876,511.7406047537497,509.94664472662043,508.18398272339067,506.451863633667,504.74945423218736,503.07602544684784,501.43129085646433,499.8143130826175,498.2246755126762,496.661805304273,495.12510357675086,493.6139974877424,492.1277319268538,490.6658902814543,489.22782159430784,487.813005099626,486.42055549556784,485.05039466726515,483.7016373128772,482.37381474319415,481.06651034558485,479.7791252393928,478.5112688502759,477.2622902209987,476.0320331218245,474.8197684806492,473.6252619528677,472.4481229641388,471.28783074867346,470.1440728469988,469.01638056990487,467.90462372594453,466.8082815493289,465.7270415805851,464.6605653219504,463.6086444671092,462.57078428856215,461.54688063315183
FRETAIL.NS,63.25,61.31996306310874,61.096443055280005,60.7793295974164,60.40134318376597,59.98687313679355,59.553719104318965,59.114535686794774,58.67804918560691,58.25001929417135,57.83403353840527,57.432113560244495,57.045143697371394,56.673224300161316,56.31603132052729,55.9729626562175,55.64334721409711,55.32649508533586,55.02267805220024,54.73136509395422,54.45195619897883,54.18399769995233,53.927088195373535,53.68091827158523,53.44520569315688,53.21966822465794,53.00405708078296,52.798083754202935,52.601468100120144,52.41391324867432,52.23510142367695,52.06470230514271,51.902389754351816,51.74782927005327,51.600723982386796,51.460764477695186,51.327637161055634,51.20105352513911,51.08069997502281,50.96628800337771,50.857537465406104,50.75418076010715,50.655941923948774,50.56257426225835,50.47383526162889,50.38952004004415,50.309386084097135,50.233241055568506,50.160880072442005,50.09213588409216,50.02685378369035,49.96486233934543,49.906027750556966,49.850195310496424,49.79724794372589,49.7470183996199,49.69940214653746,49.65425284018129,49.61146176764481,49.57091603475578,49.532486022279436
GAIL.NS,147.85000610351562,147.21577810520284,147.08482194009594,146.96306888060326,146.8399706933701,146.70857375194146,146.5650326628897,146.40816948949302,146.23859979868348,146.05824628717482,145.86958642187892,145.67523446235919,145.47765267634398,145.2789157523821,145.08075639739354,144.88427655218263,144.69029697265887,144.4991976384099,144.31114574045432,144.12607288246636,143.94378907465216,143.7640511300756,143.5865854634335,143.41114888778975,143.237475417433,143.06542825971158,142.89480982523992,142.725528918917,142.55753234360054,142.39072130459772,142.2251186006838,142.0606862339,141.8974014054711,141.7352717149888,141.57428196326964,141.41441695113008,141.25569187775363,141.09808394436502,140.9415551530055,140.78610550367512,140.63170459800676,140.47832963722522,140.3259806213305,140.17458915399678,140.0241628348158,139.87468646460408,139.72611444581116,139.57843157925345,139.43164546452272,139.28568010570146,139.14057350074836,138.99625725333772,138.85273896306126,138.7100034307355,138.56802025799334,138.42676664605958,138.28624259493427,138.14643290543378,138.00729957959948,137.86885021702298,137.73106201892915
GICRE.NS,187.3500061035156,188.46027679206867,186.16981949624733,184.05736941339,181.97592783699199,179.864874374437,177.7111886351849,175.51209505736915,173.27118242480446,171.00054299428575,168.70831782466394,166.39632782595345,163.99296526986836,161.45660556777784,158.80869302888098,156.04315500667323,153.13454295779775,150.11298145181354,147.02200438105592,143.94004346668044,140.9950043781473,138.31222494822168,136.0011586635719,134.1865732176625,132.90077650419607,132.11798850347805,131.81372858305713,131.96997326953806,132.56933110440923,133.56722073010857,134.93301815272844,136.57329566160115,138.42815769236861,140.40916193848034,142.38778839433053,144.27574502264181,146.00468140260548,147.51629747596826,148.75120152240515,149.64583847879112,150.15286468475097,150.25050435474805,149.94674827836025,149.2607513682151,148.22093661533881,146.87828950013545,145.31020753758733,143.58268545666397,141.7729174668607,139.93171668088598,138.11253034341098,136.34688406398163,134.6895996091489,133.1898061918264,131.89491376765682,130.8384544829496,130.04657519121292,129.53639775020383,129.31442351582336,129.38001163381887,129.72679775850884
GILLETTE.NS,5947.4501953125,5698.512920035806,5742.226431406249,5755.937043973478,5746.155461308866,5719.781087249474,5683.474722672996,5642.589355099829,5601.066436278634,5561.259284941784,5524.243529441011,5490.464285926093,5459.710693560497,5431.100128425351,5403.841318927873,5377.326733281298,5351.1491419662625,5325.093181227043,5299.067809283697,5273.13234045107,5247.446913027699,5222.167938758314,5197.463888929837,5173.539206425019,5150.458950662498,5128.149004627565,5106.688040011811,5086.338054251304,5067.2807686020815,5049.785840638608,5033.908651091144,5019.785969660366,5007.352892200714,4996.539959889742,4987.258615316721,4979.371907629055,4972.74050512032,4967.190010247879,4962.5677378208175,4958.762512317069,4955.6739238144755,4953.202519908176,4951.244371152963,4949.706805401605,4948.510969810592,4947.590640413217,4946.888624960006,4946.357642799468,4945.958927420412,4945.6607254789005,4945.437546311708,4945.269437328625,4945.141104131719,4945.041211786476,4944.961479062204,4944.8960832185685,4944.841064792148,4944.7937841406565,4944.752507381418,4944.716225239441,4944.684264864733
GODREJCP.NS,940.1500244140624,924.7193578711632,913.2442588947017,901.2323156024651,889.270602985016,877.6197921423773,866.390626114844,855.6205710014183,845.3077168905112,835.431373073243,825.9631773625188,816.8722210224588,808.1295052287713,799.7081957236333,791.585469063557,783.7417168228967,776.1600362840909,768.8264214288209,761.7289034777967,754.8570734128589,748.2018909858197,741.7550799131277,735.5094143626047,729.4581459799701,723.5946219065227,717.9106931861497,712.397828880421,707.048357511121,701.853206998203,696.8031301863903,691.8908216638556,687.1102174613043,682.4569566139418,677.9273784578891,673.5185385461136,669.2277630023909,665.0526485213051,660.9906485540705,657.0393120474819,653.1960924527539,649.4585546326108,645.8240724586176,642.2901152979192,638.8540251902214,635.5132874185982,632.265371350195,629.1077304362261,626.0379613712757,623.053629018068,620.1523937349066,617.3320113756745,614.5912723296988,611.9282189376008,609.3404478939648,606.8253330703556,604.3802005905491,602.0025994013395,599.6901421132408,597.4406959916449,595.2522556293842,593.1230225263788
HDFCBANK.NS,1499.1500244140625,1526.6209848344333,1529.0232185258135,1533.8107907631565,1539.8173221436994,1546.384413970245,1553.1636166679016,1559.9758416952388,1566.7350262054458,1573.4058951827865,1579.9778507633166,1586.4542207787092,1592.8431968146215,1599.1550695505355,1605.3996176918301,1611.5830873225675,1617.7100350122712,1623.7852221201028,1629.8105429502466,1635.788966952503,1641.7221324440036,1647.6106537936719,1653.4551453704335,1659.2560167535705,1665.0130631534412,1670.7260797804047,1676.3948618448196,1682.0186925829403,1687.5975719947671,1693.1308857113765,1698.6177121793808,1704.058051398781,1709.4518009747553,1714.7983465383804,1720.0970737207315,1725.3479825218094,1730.5513801260752,1735.7060377956805,1740.8124675047293,1745.8698500946555,1750.8784927499219,1755.8388050498104,1760.7498654409353,1765.6116739232966,1770.4246400761767,1775.1882519254725,1779.9031238401074,1784.568743845979,1789.1848047586245,1793.752432921072,1798.2708091747556,1802.7399335196749,1807.1605227195762,1811.532474379637,1815.8554813153971,1820.1299531061375,1824.3561969363213,1828.5345199904114,1832.664307899482,1836.7467894013826,1840.781145337547
HAVELLS.NS,1022.7000122070312,1005.2645073412314,1002.5940666027929,997.8844376207416,992.0733420516773,985.692612603474,979.0496206138304,972.3280491011064,965.6385950513176,959.0500042699604,952.6041377199617,946.3251737161154,940.2265546797063,934.3130621431374,928.5849667591864,923.0382989537828,917.6675554537833,912.4656090693788,907.4246108700207,902.5357195316427,897.7840491514798,893.1580067688938,888.6476684487079,884.2445086284297,879.9408588126953,875.7301782260473,871.6069184865463,867.5666138233628,863.6049789008521,859.7187207768875,855.9045916181384,852.1594789176635,848.4808565828715,844.8658827595991,841.3120764640516,837.8171371476201,834.379057468871,830.9953789984082,827.6639365140117,824.3799935920742,821.1395129953308,817.9400814031815,814.7797140285911,811.6569899444777,808.5712099644987,805.5213365863409,802.506828504449,799.5267384341014,796.5802093081693,793.6664517227182,790.7845409474248,787.9335748063639,785.1126736780087,782.3206872880546,779.5566909061781,776.8198951284448,774.1092398981427,771.4237779305504,768.7625393865483,766.1245995358131,763.5093268551973
HCLTECH.NS,989.4500122070312,973.1981143559242,973.9233327398143,974.0405318486193,973.7049340000084,973.0545102409633,972.2007092567256,971.2334254238084,970.2234241587104,969.2232807625768,968.2692189920017,967.3836537633217,966.577420908692,965.8520851692192,965.203930284777,964.6248196016169,964.1050908434115,963.6346123115036,963.2040737963144,962.8054559996781,962.4321478904241,962.0792596525972,961.7431923816548,961.4216772029939,961.1136970348963,960.8185477438636,960.5357990260927,960.2656073556936,960.0080118511943,959.7632472237601,959.5309614066427,959.3109979257316,959.1033567810263,958.9071382463916,958.7221076106616,958.5475607403388,958.3828717389806,958.2276103027833,958.0809158241392,957.942514473354,957.8115065242928,957.6879310954828,957.5709666978436,957.4602221460992,957.3554627290832,957.2563363800473,957.1622954396043,957.0735355003926,956.9894306659697,956.909785343698,956.8343648224107,956.7630908650535,956.6954940492943,956.6317308492436,956.5711362499313,956.5141014366344,956.4598440388,956.4086378861213,956.3603265044876,956.31440135304,956.2710580244167
HEROMOTOCO.NS,2900.699951171875,2848.8028109600127,2838.9096737982036,2825.0630376404297,2809.078877806678,2792.0553387816913,2774.6809965045977,2757.391608401813,2740.456089566447,2724.025952255237,2708.1718425710283,2692.9099848448527,2678.2209609797283,2664.0660625323217,2650.395594504429,2637.1582011395512,2624.305848197779,2611.795100462172,2599.590443255351,2587.662493930562,2575.9887683755082,2564.5526590072404,2553.340624258126,2542.343593832862,2531.55492469827,2520.968484823723,2510.580313939441,2500.3855575211787,2490.380383049793,2480.560574754229,2470.922300115344,2461.4610878608073,2452.1725944689238,2443.0518376648106,2434.0946016774105,2425.296159733116,2416.652551562147,2408.1585393883433,2399.810673944477,2391.6116379939485,2383.559770778462,2375.65162303079,2367.8834899824287,2360.2510281116847,2352.7507881513297,2345.378682080948,2338.1313883839466,2331.005968795653,2323.998463046286,2317.106188372447,2310.326462010737,2303.655706943289,2297.0912404067058,2290.6308906401387,2284.271463877638,2278.011043859631,2271.846692321444,2265.7761097515904,2259.797571516457,2253.802936700929,2247.6307923738204
HINDUNILVR.NS,2414.85009765625,2401.9403906110965,2389.234194508623,2376.3983414058457,2363.920057999217,2352.077524395834,2341.003246504697,2330.7323608664155,2321.2373280302413,2312.452559787038,2304.295754329971,2296.680114907373,2289.5227066215884,2282.750344173619,2276.3010479720106,2270.1254369326634,2264.1857155335165,2258.453584614836,2252.909608288392,2247.5403017196804,2242.3369282553613,2237.2936001507915,2232.4070253336977,2227.674418204464,2223.092803236228,2218.660534392853,2214.3745095293125,2210.231183337004,2206.2271371254897,2202.3585090407582,2198.620677519808,2195.0094641632168,2191.520437335232,2188.1486589274427,2184.8900138495083,2181.740260392922,2178.6950302310142,2175.750398200689,2172.902818993345,2170.148430754969,2167.4840047223693,2164.9061855141917,2162.4119342944905,2159.9982122273213,2157.662360331233,2155.401593006609,2153.2134411992447,2151.0952459276887,2149.044917992229,2147.059798411414,2145.1378612946137,2143.277080751199,2141.475304272375,2139.730189422102,2138.0405966369,2136.4039302444,2134.8190506811225,2133.2840586746024,2131.7968017160456,2130.356456787384,2128.9609346889047
HAL.NS,1106.699951171875,1112.813841824616,1099.495893906358,1089.0340802396602,1081.1054220455917,1075.5683794805445,1072.335824965892,1071.2946625360637,1072.2705399557233,1075.0184806848554,1079.2272038534136,1084.5347538325293,1090.5465082187288,1096.8571660195157,1103.071522362923,1108.8266023002213,1113.8075330723293,1117.7654064769083,1120.5280059964275,1122.0077186618507,1122.2031368409878,1121.1950294980923,1119.1379934788054,1116.2445327047024,1112.7693315240026,1108.9870238307847,1105.1727774485769,1101.5834609824449,1098.4415773964135,1095.9210906134904,1094.1429113848496,1093.1689269877895,1093.004331099699,1093.6013613042157,1094.8674536501198,1096.674513608166,1098.8701771285994,1101.28703305895,1103.7570877782562,1106.1197255997902,1108.2319990477554,1109.9767348771345,1111.267145282589,1112.051924497762,1112.3152487952827,1112.076485252517,1111.3856290817128,1110.3196632019242,1108.974063906833,1107.4568305627033,1105.8789719563426,1104.3477593684,1102.9599796466644,1101.795576591692,1100.9139619896885,1100.3521711289502,1100.123503706716,1100.219271234644,1100.6096222025078,1101.2489299117512,1102.0784621227428
HINDALCO.NS,401.4500122070312,399.26724679211884,401.39967971414944,403.5909542041459,405.7872630514289,407.957171729101,410.08233503920974,412.1528050917568,414.16481618749185,416.11881134985606,418.01791188036714,419.86640705143327,421.66866668517923,423.4288390920092,425.15040804716546,426.8360518287245,428.48780431703017,430.1070549946935,431.6944482594472,433.25062850902395,434.7759984920067,436.27035683410395,437.733743810174,439.1662802447918,440.5680869625321,441.939163963395,443.27971262167193,444.5898537619378,445.87011095735033,447.12072585705937,448.34185956049805,449.53423701511565,450.6980998700619,451.8339314236364,452.94213442442197,454.0231921707182,455.0776282356828,456.10580509304054,457.10828659080744,458.08547547756643,459.03777450190046,459.9658280615422,460.869958355358,461.75060840678907,462.60826151413494,463.4434412505534,464.2566711892023,465.0482332540896,465.8187718429481,466.56852860492745,467.2980673880438,468.0078714905967,468.698343661169,469.3699671980603,470.02310457499516,470.658359914848,471.2758137673354,471.87623135476497,472.4597737765698,473.02708543048266,473.57836769079495
ICICIBANK.NS,664.3499755859375,645.586176961213,646.1039211719145,644.4846419184506,641.5993043019517,637.9680996197641,633.9164162414892,629.6556676223992,625.3252635471,621.0170562779314,616.7891332251457,612.6765692973169,608.6969637438489,604.8571387456906,601.1556853741678,597.5870420687244,594.142483358799,590.812517514376,587.587257316689,584.4576806786137,581.4153587461516,578.4529996954626,575.5641273982548,572.7436499368633,569.9870191906558,567.2905274525948,564.6511096848627,562.0660716203457,559.5334110972436,557.0511012357093,554.6172634641772,552.2305877261607,549.8896898110326,547.5928888916025,545.3394434264629,543.1276725884237,540.9566865277958,538.8252740602803,536.7322981557191,534.6767453741887,532.6576764299062,530.6738059844321,528.7244172144057,526.8084719618565,524.925006222955,523.0732537382465,521.2522010678077,519.4612302604656,517.6993525943436,515.9659995543626,514.2602071366929,512.5814315443023,510.9289065177364,509.30198938777545,507.7000127671527,506.122432858836,504.56858227555864,503.03781834810076,501.52977030575863,500.04377076126553,498.57917704540165
IBULHSGFIN.NS,270.45001220703125,275.17269406095147,277.22163474559784,279.16344340890646,281.0455359965563,282.8914765641093,284.70270428434014,286.47754971683025,288.2136526182294,289.90815383195877,291.56074633449316,293.17373280227184,294.75029860436916,296.2916910238564,297.79873518645763,299.27183406054974,300.7113522365689,302.1176926828921,303.4912199899554,304.83256739377975,306.1427519097924,307.42242596298456,308.67339331656694,309.8969971984625,311.09321841970086,312.2623064368963,313.40431881695986,314.5190061032772,315.6061955951154,316.66592567041516,317.6989638879895,318.7073442786932,319.6888409219682,320.64328111708164,321.57156674563885,322.4748107679188,323.3542220890522,324.2111631259322,325.04688116163015,325.86260429024696,326.6594262830913,327.4384792894125,328.20053086802363,328.9464253336191,329.67783212661743,330.3963823094964,331.1034574881196,331.7993071191013,332.4845068715513,333.1595556586981,333.8248180709779,334.4812535569072,335.129341840744,335.76958183571696,336.40222299844027,337.02762991935015,337.64605205506086,338.25764291733503,338.86259439587593,339.4612710811198,340.05484350025654
IGL.NS,560.2000122070312,555.0497947653193,552.9627081885001,550.3551085850404,547.4884897533238,544.5620119235437,541.7126937502126,539.0216414024817,536.5244588246733,534.2224899643561,532.0950422954711,530.1108210389166,528.2354382029325,526.4381536534456,524.6945416767057,522.9879202568591,521.3087964309198,519.653735666212,518.0234846002741,516.4210297832587,514.8503817253713,513.3153162793051,511.8187559977095,510.36221548816224,508.94637739069816,507.5704524027769,506.2333525668427,504.9331366252963,503.66794865054266,502.43582605248133,501.2349555685195,500.064121246095,498.92172314762587,497.8067799780619,496.71871575987365,495.65652786550976,494.61972564744514,493.60783979065576,492.6201236576034,491.6560652682619,490.7151313101039,489.7967031405978,488.90029011221844,488.0251669199287,487.17073625369807,486.33655013100355,485.5219899093135,484.72645827859736,483.9495072563322,483.1905608649885,482.4491924545445,481.72495404247724,481.01741897876485,480.32611794838334,479.6505816363087,478.9904687225234,478.34548055201225,477.715105144749,477.09900118071613,476.4969766674039,475.90843429478167
INFY.NS,1580.8000488281248,1546.9331427940594,1546.3089746028816,1543.711562650649,1540.1093982779018,1536.073483516964,1531.913514385367,1527.796216438004,1523.803789835372,1519.9731869431996,1516.3150284244255,1512.8266119801954,1509.4977568566862,1506.3160199103365,1503.2685809326283,1500.3433738449564,1497.5283325687158,1494.8159786489375,1492.1972625266678,1489.6660254742853,1487.2170514265597,1484.8457527598546,1482.5481074479683,1480.3216017245247,1478.1621507191628,1476.0683718603757,1474.037688537628,1472.067838361181,1470.1563704088182,1468.3019649531923,1466.5025481370428,1464.756108947269,1463.061264812364,1461.4159418750676,1459.818631875554,1458.2663182941722,1456.7571158061398,1455.2902074373849,1453.8630794215312,1452.4751033169848,1451.124142422326,1449.8101338933955,1448.530878184614,1447.285935386866,1446.0742999936008,1444.8945265891523,1443.7463009527235,1442.627863447851,1441.5393397628538,1440.479033105428,1439.446377878139,1438.4404314185956,1437.4612565709574,1436.5066537896453,1435.5772515162532,1434.6711644259992,1433.7888952721585,1432.9289986390647,1432.0907832409646,1431.273934857061,1430.4780135782382
ITC.NS,206.25,200.0315483876584,200.11869602000115,199.78050641806476,199.13374568113977,198.26419831309704,197.23640458916998,196.09597015853524,194.85672691727177,193.51969849770376,192.08521410821686,190.55956985918692,188.94504448990847,187.24083555494144,185.44484949470825,183.55682397127657,181.57216807083068,179.48597195893126,177.30816589789902,175.0696260335926,172.79026690140427,170.51684123597943,168.3465028042267,166.3988301223876,164.79066387602757,163.54800123985206,162.6867740993689,162.22128115786018,162.19133734043749,162.71373575176676,163.83960271133583,165.55050769342847,167.74564863351839,170.2625406177558,172.84426479247486,175.2164375419561,177.1189790976432,178.37512513195816,178.92093205986657,178.79941815838902,178.09502537844855,176.90813141438684,175.32542609313532,173.45311512623812,171.43129468537927,169.38555519774945,167.45981216669452,165.78036201707596,164.43758402449112,163.45815949982193,162.86236947998373,162.68454036903336,163.02003586328237,163.9266847591955,165.4056997267246,167.38442601831775,169.72749983283484,172.21049235514056,174.57296888888777,176.5564288369951,177.94060349810707
JSWSTEEL.NS,699.0999755859375,680.2893932650777,681.0584230387576,679.747031877203,677.0639912701845,673.5080158657038,669.4308210384852,665.0780071779582,660.618268012915,656.1644589112639,651.787814299093,647.5301761143737,643.4131283145452,639.4441847687503,635.6222036635409,631.940886608606,628.3912095944361,624.9633014596084,621.6475488715432,618.4346699918879,615.3169299553483,612.287072721625,609.3390208965584,606.4677652340533,603.6689594764684,600.9386256930811,598.273301610855,595.670335275975,593.1265590769399,590.6395788887776,588.2070742518999,585.8266142086432,583.4960624628784,581.2134668819363,578.9766911696879,576.7837095280802,574.6330118167461,572.5225722376326,570.4509543157565,568.4165005799832,566.4174798937947,564.4524926148997,562.52039692985,560.6197931963543,558.7493186048132,556.9080523379298,555.0946315861047,553.3079882012735,551.5472013661392,549.8113134307132,548.0992930796228,546.4101089974956,544.7432823593372,543.0978186824668,541.4728339822796,539.8677757683972,538.2817232235229,536.7140501918948,535.1641673504428,533.6313012126375,532.1150466188683
KOTAKBANK.NS,1750.050048828125,1736.201701020007,1736.6457178082492,1735.6474873379557,1733.8041256925353,1731.5183618653755,1729.057240239119,1726.5871229480617,1724.2036754274886,1721.9510110336341,1719.840662670089,1717.8629426978368,1715.9992831420968,1714.2262145440618,1712.5221703740172,1710.8688709797716,1709.2521885544265,1707.6628967751094,1706.0952868545428,1704.5468792184547,1703.0169242281117,1701.506575173873,1700.0169853460975,1698.5495386932162,1697.1060228152855,1695.6868990284493,1694.2931476295125,1692.9249416120292,1691.5821656469634,1690.2642430891356,1688.9711739385457,1687.7017472403168,1686.4561359880026,1685.2331292267263,1684.032438633898,1682.8530262481945,1681.6950650631697,1680.5576901110544,1679.4403824111869,1678.3429689700133,1677.2647578133183,1676.205575947548,1675.1650773855945,1674.1426278177605,1673.138169579528,1672.1511836902355,1671.181497156329,1670.228648661665,1669.2924075481715,1668.3720241771152,1667.46767154205,1666.5789459913503,1665.7054438733903,1664.8468192010623,1664.0028989808125,1663.173452554569,1662.358076270706,1661.556539471152,1660.7684961687992,1659.9939463636474,1659.2323710750352
